employee_id,age,salary,experience_years,performance_score,training_hours
1.0,-0.07136089847134158,0.0888774242907987,0.07303119903444191,0.03418805763254407,0.06919265149700896
-0.07136089847134158,1.0,0.16626204024166427,-0.09789697989294609,0.08213174597083744,-0.2742208254310392
0.0888774242907987,0.16626204024166427,1.0,-0.13688894036558716,0.007242906763913308,0.1501391006729126
0.07303119903444191,-0.09789697989294609,-0.13688894036558716,1.0,0.16480231056601777,0.21902340610976487
0.03418805763254407,0.08213174597083744,0.007242906763913308,0.16480231056601777,1.0,0.08568964781414452
0.06919265149700896,-0.2742208254310392,0.1501391006729126,0.21902340610976487,0.08568964781414452,1.0
